crop,estimator,bin,pct,pct_lo,pct_hi
corn,TWFE,0,0,,
corn,TWFE,1,0.741010907085449,0.40247065006187,1.0806926649594
corn,TWFE,2_4,1.13350544962505,0.770349671521209,1.49796996705149
corn,TWFE,5_9,2.0566056409004,1.5471611238574,2.56860595283785
corn,TWFE,10_14,3.13162436786989,2.44262431618885,3.8252584385873
corn,TWFE,15_19,3.50678343287523,2.65525956959416,4.36537067403657
corn,TWFE,20+,4.27320260588981,3.2382552312437,5.31852516622542
corn,Sun-Abraham IW,0,0,,
corn,Sun-Abraham IW,1,0.676993888908739,0.34100011902154,1.01411274040035
corn,Sun-Abraham IW,2_4,1.13980378847449,0.738544563489452,1.54266129906444
corn,Sun-Abraham IW,5_9,2.37176103338022,1.79481289366954,2.9519791742477
corn,Sun-Abraham IW,10_14,3.68062009187884,2.91565417045152,4.45127195939141
corn,Sun-Abraham IW,15_19,4.20170911919431,3.25099781951601,5.1611743485626
corn,Sun-Abraham IW,20+,5.05122446644484,3.93098521276902,6.18353842510788
soy,TWFE,0,0,,
soy,TWFE,1,0.00954655303986307,-0.305648471469822,0.325738102447448
soy,TWFE,2_4,0.711380117673577,0.409009091156931,1.01466170230156
soy,TWFE,5_9,1.17948143785471,0.800298656283016,1.56009059994076
soy,TWFE,10_14,1.83795956288031,1.32791673602728,2.35056973438625
soy,TWFE,15_19,2.64039463896211,1.93882697007119,3.34679066627801
soy,TWFE,20+,3.29614495608128,2.40855357441769,4.19142923480578
soy,Sun-Abraham IW,0,0,,
soy,Sun-Abraham IW,1,-0.268534627214345,-0.590301046315145,0.0542732760630438
soy,Sun-Abraham IW,2_4,0.414174798086764,0.0877419656557743,0.741672280313988
soy,Sun-Abraham IW,5_9,0.811544606470616,0.397360630051158,1.22743727687611
soy,Sun-Abraham IW,10_14,1.42311101120058,0.871880889243015,1.97735341611227
soy,Sun-Abraham IW,15_19,2.20592351029298,1.4468619315241,2.97066465833977
soy,Sun-Abraham IW,20+,2.90402111153569,1.94673687358855,3.87029428959336
