"Weather variable","Weather bin","Observations","Fields","Counties","Control observations","Low-till observations","Mean low-till duration","Median low-till duration","Weather min","Weather median","Weather max","Sample p05","Sample p95"
"GDD, Apr-May","Low",5848291,1596452,412,3809372,2038919,6.97,5,76.01,247.54,282.39,212.5,509.65
"GDD, Apr-May","Middle",11696984,2581530,698,6517073,5179911,7.99,6,282.41,338.63,407.44,212.5,509.65
"GDD, Apr-May","High",5846266,1378876,462,2312066,3534200,8.18,7,407.45,458.7,728.19,212.5,509.65
"PPT, Apr-May","Low",5848028,2430238,781,3193270,2654758,7.72,5,25.49,120.28,146.01,95.93,317.83
"PPT, Apr-May","Middle",11695851,2991216,788,6512877,5182974,7.55,6,146.01,188.13,231.89,95.93,317.83
"PPT, Apr-May","High",5847662,2220572,754,2932364,2915298,8.54,8,231.89,268.43,654.52,95.93,317.83
"GDD, Jun-Sep","Low",5847847,1662160,415,3973457,1874390,5.82,4,883.97,1325.96,1392.35,1253.38,1799.3
"GDD, Jun-Sep","Middle",11695752,2566211,639,6636632,5059120,7.38,6,1392.41,1492.7,1620.17,1253.38,1799.3
"GDD, Jun-Sep","High",5847942,1467734,486,2028422,3819520,9.49,9,1620.22,1712.82,2136.47,1253.38,1799.3
"PPT, Jun-Sep","Low",5848483,2516079,788,3496450,2352033,7.41,6,88.13,261.92,301.33,225.58,596.88
"PPT, Jun-Sep","Middle",11694562,3007813,786,6674644,5019918,7.54,6,301.35,367.78,445.2,225.58,596.88
"PPT, Jun-Sep","High",5848496,2128804,740,2467417,3381079,8.65,8,445.22,514.93,1047.79,225.58,596.88
"EDD, Jun-Sep","Low",5848373,2113191,588,3265178,2583195,6.65,5,0,2.1,4.65,0.93,43.55
"EDD, Jun-Sep","Middle",11694488,2835333,762,6750665,4943823,8.26,7,4.65,10.02,19,0.93,43.55
"EDD, Jun-Sep","High",5848680,1892036,643,2622668,3226012,8.22,7,19,28.37,135.14,0.93,43.55
