weather_bin,weather_var,weather_source_var,treatment,bin_order,slope_log_points_per_year_per_weather_unit,slope_std_error,slope_ci_low,slope_ci_high,observations,fields,counties,control_observations,low_till_observations,mean_low_till_duration,median_low_till_duration,weather_min,weather_p05,weather_q25,weather_median,weather_mean,weather_q75,weather_p95,weather_max
low,GDD_4_5,GDD_4_5,low_till_duration_years,1,-4.63202263322708e-06,7.35780877274235e-06,-1.90533278278021e-05,9.78928256134793e-06,5848291,1596452,412,3809372,2038919,6.97180074343316,5,76.011981634848,181.814835250407,219.872918982143,247.536637307703,240.48363593787,266.360715713423,278.479726605549,282.390224553448
middle,GDD_4_5,GDD_4_5,low_till_duration_years,2,2.57822544946945e-06,5.08480544672959e-06,-7.38799322612054e-06,1.25444441250594e-05,11696984,2581530,698,6517073,5179911,7.9920114457565,6,282.413389049258,288.547509452947,310.047271608639,338.6331450744,340.762325933927,369.638722247186,399.264194886221,407.438215285674
high,GDD_4_5,GDD_4_5,low_till_duration_years,3,1.27342790064731e-05,4.73087126606145e-06,3.46177132499268e-06,2.20067866879536e-05,5846266,1378876,462,2312066,3534200,8.18133778507159,7,407.447059202622,411.887345991593,430.149161324887,458.704294071816,469.631745452059,497.978312002826,564.4808159042,728.194187556572
low,PPT_4_5,ppt_4_5,low_till_duration_years,1,-3.61880157230821e-05,1.16276753412372e-05,-5.89782593919069e-05,-1.33977720542573e-05,5848028,2430238,781,3193270,2654758,7.720387696355,5,25.4929090889853,72.0485616680791,100.473315065077,120.280219178459,115.312776548813,133.565553051171,143.923356334778,146.006113233679
middle,PPT_4_5,ppt_4_5,low_till_duration_years,2,2.66198907675297e-06,5.89210671549923e-06,-8.88654008562552e-06,1.42105182391315e-05,11695851,2991216,788,6512877,5182974,7.54867591463897,6,146.006142606599,150.567429676896,168.304814396606,188.134987331645,187.893146988279,206.930836030776,226.33421729019,231.886688311821
high,PPT_4_5,ppt_4_5,low_till_duration_years,3,2.02388073757785e-05,3.95873494859911e-06,1.24796868765242e-05,2.79979278750327e-05,5847662,2220572,754,2932364,2915298,8.54354409051836,8,231.892409196539,234.535482292132,247.056467879061,268.433457132609,284.726800097023,306.095892260899,392.30387408846,654.524639703139
low,GDD_6_9,GDD_6_9,low_till_duration_years,1,-1.3216930586411e-05,4.50327252960229e-06,-2.20433447444315e-05,-4.39051642839053e-06,5847847,1662160,415,3973457,1874390,5.8235201852336,4,883.970116744175,1162.57769730252,1267.42640931714,1325.95779847264,1307.05641835557,1362.5067807368,1387.21866605367,1392.35436027482
middle,GDD_6_9,GDD_6_9,low_till_duration_years,2,-6.00090855787679e-06,2.47818465973042e-06,-1.08581504909484e-05,-1.14366662480516e-06,11695752,2566211,639,6636632,5059120,7.38384047027942,6,1392.41305295932,1404.54440566622,1443.16311083393,1492.70307375837,1497.98543027309,1551.7833079844,1605.69940126612,1620.17323450336
high,GDD_6_9,GDD_6_9,low_till_duration_years,3,3.58914384965885e-06,3.09396627213565e-06,-2.47503004372701e-06,9.65331774304472e-06,5847942,1467734,486,2028422,3819520,9.4923042685992,9,1620.21817019673,1629.29496449242,1666.19431333557,1712.82427849604,1730.61532706653,1780.78182888651,1893.16135100069,2136.46864701789
low,PPT_6_9,ppt_6_9,low_till_duration_years,1,-5.78170293044168e-06,7.55202066144851e-06,-2.05836634268808e-05,9.0202575659974e-06,5848483,2516079,788,3496450,2352033,7.40608783975395,6,88.1284107046196,184.987242248382,232.7887248946,261.92356805063,254.658033318323,283.791532335654,298.166645216662,301.334822707569
middle,PPT_6_9,ppt_6_9,low_till_duration_years,2,-1.47156177512159e-05,3.56685843187249e-06,-2.1706660277686e-05,-7.72457522474582e-06,11694562,3007813,786,6674644,5019918,7.5389948600754,6,301.346785308608,307.752693024607,332.697553016312,367.783878025519,368.966223833197,404.253965072307,435.653074471346,445.202698842199
high,PPT_6_9,ppt_6_9,low_till_duration_years,3,7.1211317854923e-06,2.51889802730297e-06,2.18409165197847e-06,1.20581719190061e-05,5848496,2128804,740,2467417,3381079,8.65487910811904,8,445.221217492912,449.888845500563,472.695704643762,514.928911564797,536.203890950189,577.472249920414,697.193239848215,1047.79025440092
low,EDD_6_9,EDD_6_9,low_till_duration_years,1,-0.000534490726485695,0.000194315860184413,-0.000915349812447144,-0.000153631640524246,5848373,2113191,588,3265178,2583195,6.65068413340844,5,0,0.345723588451594,1.12776666086306,2.09984651516992,2.22172189689703,3.27793765878928,4.38001646556961,4.64731096089379
middle,EDD_6_9,EDD_6_9,low_till_duration_years,2,-1.99263331805429e-05,3.62032027746806e-05,-9.08846106189169e-05,5.10319442578312e-05,11694488,2835333,762,6750665,4943823,8.25798435744969,7,4.64796906741801,5.1929808802483,7.36500213136791,10.0240673612672,10.6142288713311,13.6506624015971,17.6176555232976,18.9987574139975
high,EDD_6_9,EDD_6_9,low_till_duration_years,3,0.000132479327303274,3.05750383679502e-05,7.25522521020916e-05,0.000192406402504456,5848680,1892036,643,2622668,3226012,8.22107977279688,7,18.9991730161816,19.618310201158,22.876669006436,28.3732845567617,33.5277003374228,39.8620688532367,62.3663525538605,135.136529235776
