"weather_var","weather_label","xmin","xmax","count"
"GDD_4_5","GDD, Apr-May",194.210713258842,204.108103844642,268191
"GDD_4_5","GDD, Apr-May",204.108103844642,214.005494430443,363949
"GDD_4_5","GDD, Apr-May",214.005494430443,223.902885016243,396901
"GDD_4_5","GDD, Apr-May",223.902885016243,233.800275602044,494744
"GDD_4_5","GDD, Apr-May",233.800275602044,243.697666187845,609360
"GDD_4_5","GDD, Apr-May",243.697666187845,253.595056773645,702430
"GDD_4_5","GDD, Apr-May",253.595056773645,263.492447359446,755115
"GDD_4_5","GDD, Apr-May",263.492447359446,273.389837945246,864573
"GDD_4_5","GDD, Apr-May",273.389837945246,283.287228531047,935616
"GDD_4_5","GDD, Apr-May",283.287228531047,293.184619116848,997012
"GDD_4_5","GDD, Apr-May",293.184619116848,303.082009702648,1068100
"GDD_4_5","GDD, Apr-May",303.082009702648,312.979400288449,1095905
"GDD_4_5","GDD, Apr-May",312.979400288449,322.876790874249,1100230
"GDD_4_5","GDD, Apr-May",322.876790874249,332.77418146005,1094196
"GDD_4_5","GDD, Apr-May",332.77418146005,342.671572045851,942243
"GDD_4_5","GDD, Apr-May",342.671572045851,352.568962631651,882513
"GDD_4_5","GDD, Apr-May",352.568962631651,362.466353217452,985735
"GDD_4_5","GDD, Apr-May",362.466353217452,372.363743803252,875164
"GDD_4_5","GDD, Apr-May",372.363743803252,382.261134389053,807757
"GDD_4_5","GDD, Apr-May",382.261134389053,392.158524974854,814020
"GDD_4_5","GDD, Apr-May",392.158524974854,402.055915560654,737239
"GDD_4_5","GDD, Apr-May",402.055915560654,411.953306146455,722423
"GDD_4_5","GDD, Apr-May",411.953306146455,421.850696732255,683287
"GDD_4_5","GDD, Apr-May",421.850696732255,431.748087318056,578632
"GDD_4_5","GDD, Apr-May",431.748087318056,441.645477903857,513492
"GDD_4_5","GDD, Apr-May",441.645477903857,451.542868489657,567991
"GDD_4_5","GDD, Apr-May",451.542868489657,461.440259075458,482242
"GDD_4_5","GDD, Apr-May",461.440259075458,471.337649661258,415672
"GDD_4_5","GDD, Apr-May",471.337649661258,481.235040247059,401202
"GDD_4_5","GDD, Apr-May",481.235040247059,491.13243083286,331021
"GDD_4_5","GDD, Apr-May",491.13243083286,501.02982141866,320613
"GDD_4_5","GDD, Apr-May",501.02982141866,510.927212004461,268579
"GDD_4_5","GDD, Apr-May",510.927212004461,520.824602590262,229176
"GDD_4_5","GDD, Apr-May",520.824602590262,530.721993176062,207256
"GDD_4_5","GDD, Apr-May",530.721993176062,540.619383761863,157766
"PPT_4_5","PPT, Apr-May",82.8715542559839,90.7247951370024,357974
"PPT_4_5","PPT, Apr-May",90.7247951370024,98.5780360180209,420501
"PPT_4_5","PPT, Apr-May",98.5780360180209,106.431276899039,497260
"PPT_4_5","PPT, Apr-May",106.431276899039,114.284517780058,604790
"PPT_4_5","PPT, Apr-May",114.284517780058,122.137758661077,677744
"PPT_4_5","PPT, Apr-May",122.137758661077,129.990999542095,869345
"PPT_4_5","PPT, Apr-May",129.990999542095,137.844240423114,901821
"PPT_4_5","PPT, Apr-May",137.844240423114,145.697481304132,985044
"PPT_4_5","PPT, Apr-May",145.697481304132,153.550722185151,1032916
"PPT_4_5","PPT, Apr-May",153.550722185151,161.403963066169,1046147
"PPT_4_5","PPT, Apr-May",161.403963066169,169.257203947188,1072865
"PPT_4_5","PPT, Apr-May",169.257203947188,177.110444828206,1228248
"PPT_4_5","PPT, Apr-May",177.110444828206,184.963685709225,1184874
"PPT_4_5","PPT, Apr-May",184.963685709225,192.816926590243,1149469
"PPT_4_5","PPT, Apr-May",192.816926590243,200.670167471262,1238884
"PPT_4_5","PPT, Apr-May",200.670167471262,208.52340835228,1254149
"PPT_4_5","PPT, Apr-May",208.52340835228,216.376649233299,1053763
"PPT_4_5","PPT, Apr-May",216.376649233299,224.229890114318,894571
"PPT_4_5","PPT, Apr-May",224.229890114318,232.083130995336,826328
"PPT_4_5","PPT, Apr-May",232.083130995336,239.936371876355,860365
"PPT_4_5","PPT, Apr-May",239.936371876355,247.789612757373,670246
"PPT_4_5","PPT, Apr-May",247.789612757373,255.642853638392,600536
"PPT_4_5","PPT, Apr-May",255.642853638392,263.49609451941,539240
"PPT_4_5","PPT, Apr-May",263.49609451941,271.349335400429,464442
"PPT_4_5","PPT, Apr-May",271.349335400429,279.202576281447,337440
"PPT_4_5","PPT, Apr-May",279.202576281447,287.055817162466,344130
"PPT_4_5","PPT, Apr-May",287.055817162466,294.909058043484,293797
"PPT_4_5","PPT, Apr-May",294.909058043484,302.762298924503,261936
"PPT_4_5","PPT, Apr-May",302.762298924503,310.615539805522,234899
"PPT_4_5","PPT, Apr-May",310.615539805522,318.46878068654,169100
"PPT_4_5","PPT, Apr-May",318.46878068654,326.322021567559,162935
"PPT_4_5","PPT, Apr-May",326.322021567559,334.175262448577,119816
"PPT_4_5","PPT, Apr-May",334.175262448577,342.028503329596,130056
"PPT_4_5","PPT, Apr-May",342.028503329596,349.881744210614,103048
"PPT_4_5","PPT, Apr-May",349.881744210614,357.734985091633,82350
"GDD_6_9","GDD, Jun-Sep",1205.09339840552,1223.62505634264,188632
"GDD_6_9","GDD, Jun-Sep",1223.62505634264,1242.15671427976,226138
"GDD_6_9","GDD, Jun-Sep",1242.15671427976,1260.68837221688,351335
"GDD_6_9","GDD, Jun-Sep",1260.68837221688,1279.220030154,379459
"GDD_6_9","GDD, Jun-Sep",1279.220030154,1297.75168809112,378552
"GDD_6_9","GDD, Jun-Sep",1297.75168809112,1316.28334602824,521831
"GDD_6_9","GDD, Jun-Sep",1316.28334602824,1334.81500396536,633453
"GDD_6_9","GDD, Jun-Sep",1334.81500396536,1353.34666190248,711367
"GDD_6_9","GDD, Jun-Sep",1353.34666190248,1371.8783198396,879754
"GDD_6_9","GDD, Jun-Sep",1371.8783198396,1390.40997777672,933161
"GDD_6_9","GDD, Jun-Sep",1390.40997777672,1408.94163571384,948381
"GDD_6_9","GDD, Jun-Sep",1408.94163571384,1427.47329365096,1144717
"GDD_6_9","GDD, Jun-Sep",1427.47329365096,1446.00495158808,1128544
"GDD_6_9","GDD, Jun-Sep",1446.00495158808,1464.5366095252,1161147
"GDD_6_9","GDD, Jun-Sep",1464.5366095252,1483.06826746232,1056491
"GDD_6_9","GDD, Jun-Sep",1483.06826746232,1501.59992539944,1135642
"GDD_6_9","GDD, Jun-Sep",1501.59992539944,1520.13158333656,912905
"GDD_6_9","GDD, Jun-Sep",1520.13158333656,1538.66324127368,928536
"GDD_6_9","GDD, Jun-Sep",1538.66324127368,1557.1948992108,869057
"GDD_6_9","GDD, Jun-Sep",1557.1948992108,1575.72655714792,871224
"GDD_6_9","GDD, Jun-Sep",1575.72655714792,1594.25821508504,828227
"GDD_6_9","GDD, Jun-Sep",1594.25821508504,1612.78987302216,685330
"GDD_6_9","GDD, Jun-Sep",1612.78987302216,1631.32153095928,704921
"GDD_6_9","GDD, Jun-Sep",1631.32153095928,1649.8531888964,592382
"GDD_6_9","GDD, Jun-Sep",1649.8531888964,1668.38484683352,640179
"GDD_6_9","GDD, Jun-Sep",1668.38484683352,1686.91650477065,594951
"GDD_6_9","GDD, Jun-Sep",1686.91650477065,1705.44816270777,577016
"GDD_6_9","GDD, Jun-Sep",1705.44816270777,1723.97982064489,588007
"GDD_6_9","GDD, Jun-Sep",1723.97982064489,1742.51147858201,452896
"GDD_6_9","GDD, Jun-Sep",1742.51147858201,1761.04313651913,375498
"GDD_6_9","GDD, Jun-Sep",1761.04313651913,1779.57479445625,304950
"GDD_6_9","GDD, Jun-Sep",1779.57479445625,1798.10645239337,314308
"GDD_6_9","GDD, Jun-Sep",1798.10645239337,1816.63811033049,243015
"GDD_6_9","GDD, Jun-Sep",1816.63811033049,1835.16976826761,216782
"GDD_6_9","GDD, Jun-Sep",1835.16976826761,1853.70142620473,190547
"PPT_6_9","PPT, Jun-Sep",204.619172905027,217.386869597358,318025
"PPT_6_9","PPT, Jun-Sep",217.386869597358,230.154566289689,470223
"PPT_6_9","PPT, Jun-Sep",230.154566289689,242.92226298202,514929
"PPT_6_9","PPT, Jun-Sep",242.92226298202,255.689959674351,703198
"PPT_6_9","PPT, Jun-Sep",255.689959674351,268.457656366682,767539
"PPT_6_9","PPT, Jun-Sep",268.457656366682,281.225353059013,957643
"PPT_6_9","PPT, Jun-Sep",281.225353059013,293.993049751344,993174
"PPT_6_9","PPT, Jun-Sep",293.993049751344,306.760746443674,1178098
"PPT_6_9","PPT, Jun-Sep",306.760746443674,319.528443136005,1155890
"PPT_6_9","PPT, Jun-Sep",319.528443136005,332.296139828336,1244172
"PPT_6_9","PPT, Jun-Sep",332.296139828336,345.063836520667,1190401
"PPT_6_9","PPT, Jun-Sep",345.063836520667,357.831533212998,1062928
"PPT_6_9","PPT, Jun-Sep",357.831533212998,370.599229905329,1034183
"PPT_6_9","PPT, Jun-Sep",370.599229905329,383.36692659766,1103693
"PPT_6_9","PPT, Jun-Sep",383.36692659766,396.134623289991,974799
"PPT_6_9","PPT, Jun-Sep",396.134623289991,408.902319982322,965226
"PPT_6_9","PPT, Jun-Sep",408.902319982322,421.670016674653,1081890
"PPT_6_9","PPT, Jun-Sep",421.670016674653,434.437713366984,890773
"PPT_6_9","PPT, Jun-Sep",434.437713366984,447.205410059314,800075
"PPT_6_9","PPT, Jun-Sep",447.205410059314,459.973106751645,753357
"PPT_6_9","PPT, Jun-Sep",459.973106751645,472.740803443976,631038
"PPT_6_9","PPT, Jun-Sep",472.740803443976,485.508500136307,509584
"PPT_6_9","PPT, Jun-Sep",485.508500136307,498.276196828638,466703
"PPT_6_9","PPT, Jun-Sep",498.276196828638,511.043893520969,421655
"PPT_6_9","PPT, Jun-Sep",511.043893520969,523.8115902133,381514
"PPT_6_9","PPT, Jun-Sep",523.8115902133,536.579286905631,330884
"PPT_6_9","PPT, Jun-Sep",536.579286905631,549.346983597962,289991
"PPT_6_9","PPT, Jun-Sep",549.346983597962,562.114680290293,298628
"PPT_6_9","PPT, Jun-Sep",562.114680290293,574.882376982624,239631
"PPT_6_9","PPT, Jun-Sep",574.882376982624,587.650073674954,216099
"PPT_6_9","PPT, Jun-Sep",587.650073674954,600.417770367285,159764
"PPT_6_9","PPT, Jun-Sep",600.417770367285,613.185467059616,173697
"PPT_6_9","PPT, Jun-Sep",613.185467059616,625.953163751947,120693
"PPT_6_9","PPT, Jun-Sep",625.953163751947,638.720860444278,155719
"PPT_6_9","PPT, Jun-Sep",638.720860444278,651.488557136609,115475
"EDD_6_9","EDD, Jun-Sep",0.553403246520517,2.07554001547407,2326051
"EDD_6_9","EDD, Jun-Sep",2.07554001547407,3.59767678442763,1857764
"EDD_6_9","EDD, Jun-Sep",3.59767678442763,5.11981355338119,1639665
"EDD_6_9","EDD, Jun-Sep",5.11981355338119,6.64195032233474,1671001
"EDD_6_9","EDD, Jun-Sep",6.64195032233474,8.1640870912883,1673261
"EDD_6_9","EDD, Jun-Sep",8.1640870912883,9.68622386024185,1704784
"EDD_6_9","EDD, Jun-Sep",9.68622386024185,11.2083606291954,1485063
"EDD_6_9","EDD, Jun-Sep",11.2083606291954,12.730497398149,1224386
"EDD_6_9","EDD, Jun-Sep",12.730497398149,14.2526341671025,1052735
"EDD_6_9","EDD, Jun-Sep",14.2526341671025,15.7747709360561,1037490
"EDD_6_9","EDD, Jun-Sep",15.7747709360561,17.2969077050096,781618
"EDD_6_9","EDD, Jun-Sep",17.2969077050096,18.8190444739632,714592
"EDD_6_9","EDD, Jun-Sep",18.8190444739632,20.3411812429167,626437
"EDD_6_9","EDD, Jun-Sep",20.3411812429167,21.8633180118703,610338
"EDD_6_9","EDD, Jun-Sep",21.8633180118703,23.3854547808239,526879
"EDD_6_9","EDD, Jun-Sep",23.3854547808239,24.9075915497774,440458
"EDD_6_9","EDD, Jun-Sep",24.9075915497774,26.429728318731,413629
"EDD_6_9","EDD, Jun-Sep",26.429728318731,27.9518650876845,369884
"EDD_6_9","EDD, Jun-Sep",27.9518650876845,29.4740018566381,287542
"EDD_6_9","EDD, Jun-Sep",29.4740018566381,30.9961386255916,237437
"EDD_6_9","EDD, Jun-Sep",30.9961386255916,32.5182753945452,220686
"EDD_6_9","EDD, Jun-Sep",32.5182753945452,34.0404121634988,253866
"EDD_6_9","EDD, Jun-Sep",34.0404121634988,35.5625489324523,183339
"EDD_6_9","EDD, Jun-Sep",35.5625489324523,37.0846857014059,170605
"EDD_6_9","EDD, Jun-Sep",37.0846857014059,38.6068224703594,150984
"EDD_6_9","EDD, Jun-Sep",38.6068224703594,40.128959239313,123069
"EDD_6_9","EDD, Jun-Sep",40.128959239313,41.6510960082665,138295
"EDD_6_9","EDD, Jun-Sep",41.6510960082665,43.1732327772201,107858
"EDD_6_9","EDD, Jun-Sep",43.1732327772201,44.6953695461736,102019
"EDD_6_9","EDD, Jun-Sep",44.6953695461736,46.2175063151272,92146
"EDD_6_9","EDD, Jun-Sep",46.2175063151272,47.7396430840808,103605
"EDD_6_9","EDD, Jun-Sep",47.7396430840808,49.2617798530343,92358
"EDD_6_9","EDD, Jun-Sep",49.2617798530343,50.7839166219879,94648
"EDD_6_9","EDD, Jun-Sep",50.7839166219879,52.3060533909414,76550
"EDD_6_9","EDD, Jun-Sep",52.3060533909414,53.828190159895,77203
