weather_var,focal_weather_source_var,additive_control,estimate,std_error,ci_low,ci_high
GDD_4_5,GDD_4_5,ppt_4_5,-0.00019984216936228,1.4095848638871e-05,-0.000227470032694467,-0.000172214306030093
GDD_4_5,GDD_4_5,GDD_6_9,9.94579840438697e-05,3.62300762465962e-05,2.84470346005411e-05,0.000170468933487198
GDD_4_5,GDD_4_5,ppt_6_9,-5.11027373183042e-06,1.14497923974445e-05,-2.75518668308217e-05,1.73313193671608e-05
GDD_4_5,GDD_4_5,EDD_6_9,-0.00941186362824959,0.000239371006173412,-0.00988103080034947,-0.0089426964561497
PPT_4_5,ppt_4_5,GDD_4_5,0.000267613909201617,4.27066315853986e-05,0.000183908911294235,0.000351318907108998
PPT_4_5,ppt_4_5,GDD_6_9,9.55261583212179e-05,3.63573951304704e-05,2.42656638654958e-05,0.00016678665277694
PPT_4_5,ppt_4_5,ppt_6_9,-5.76300511218273e-06,1.1115065593899e-05,-2.75485336762248e-05,1.60225234518594e-05
PPT_4_5,ppt_4_5,EDD_6_9,-0.00917737649810639,0.000235061080078532,-0.00963809621506032,-0.00871665678115247
GDD_6_9,GDD_6_9,GDD_4_5,0.000276224240155673,4.43929829020071e-05,0.000189213993667739,0.000363234486643607
GDD_6_9,GDD_6_9,ppt_4_5,-0.000206851706447045,1.41380738997011e-05,-0.000234562331290459,-0.000179141081603631
GDD_6_9,GDD_6_9,ppt_6_9,-6.5079377680611e-06,1.13859419473999e-05,-2.88243839849649e-05,1.58085084488427e-05
GDD_6_9,GDD_6_9,EDD_6_9,-0.00949553788078692,0.000259482939903765,-0.0100041244429983,-0.00898695131857554
PPT_6_9,ppt_6_9,GDD_4_5,0.000228862274174401,4.18263878496279e-05,0.000146882553989131,0.000310841994359672
PPT_6_9,ppt_6_9,ppt_4_5,-0.000216261515502151,1.42454051499511e-05,-0.000244182509596056,-0.000188340521408247
PPT_6_9,ppt_6_9,GDD_6_9,0.000147595311300224,3.64455012624159e-05,7.61621288258886e-05,0.000219028493774559
PPT_6_9,ppt_6_9,EDD_6_9,-0.0092598532363252,0.000230287379267692,-0.00971121649968988,-0.00880848997296053
EDD_6_9,EDD_6_9,GDD_4_5,0.00027257787567183,4.49446623776032e-05,0.000184486337411728,0.000360669413931933
EDD_6_9,EDD_6_9,ppt_4_5,-0.000203632379060448,1.42480009306832e-05,-0.000231558460884587,-0.000175706297236308
EDD_6_9,EDD_6_9,GDD_6_9,4.03396319725484e-05,3.70539124683567e-05,-3.22860364654309e-05,0.000112965300410528
EDD_6_9,EDD_6_9,ppt_6_9,1.56585369549883e-05,1.10397456526855e-05,-5.97936452427538e-06,3.7296438434252e-05
