term,estimate,std_error,t_value,p_value,model,weather_var
bin_middle,0.0225187578099236,0.00442656281950312,5.08718812499567,4.55353906296426e-07,linear_duration_binning_25_50_25_other_controls_GDD_4_5,GDD_4_5
bin_high,0.0555306865989756,0.00951881823965264,5.83377948826156,7.93078584797898e-09,linear_duration_binning_25_50_25_other_controls_GDD_4_5,GDD_4_5
duration_years_low,0.00256886627141776,0.000445114791616002,5.77124445155241,1.13407892524686e-08,linear_duration_binning_25_50_25_other_controls_GDD_4_5,GDD_4_5
duration_years_middle,0.00163455856268895,0.000292807678687159,5.58236235476374,3.27323220187482e-08,linear_duration_binning_25_50_25_other_controls_GDD_4_5,GDD_4_5
duration_years_high,0.00209174467506115,0.000314261213859267,6.65607011878304,5.29145749894743e-11,linear_duration_binning_25_50_25_other_controls_GDD_4_5,GDD_4_5
weather_c_low,0.000205583301520689,6.5609738918525e-05,3.13342660570537,0.0017922458262217,linear_duration_binning_25_50_25_other_controls_GDD_4_5,GDD_4_5
weather_c_middle,0.000106891773233569,5.961621730259e-05,1.79299824896681,0.0733595577693422,linear_duration_binning_25_50_25_other_controls_GDD_4_5,GDD_4_5
weather_c_high,0.000224709449654311,7.26600675514544e-05,3.09261272700004,0.00205453066933807,linear_duration_binning_25_50_25_other_controls_GDD_4_5,GDD_4_5
duration_years_x_weather_c_low,-4.63202263322708e-06,7.35780877274235e-06,-0.629538328093931,0.529180559387713,linear_duration_binning_25_50_25_other_controls_GDD_4_5,GDD_4_5
duration_years_x_weather_c_middle,2.57822544946945e-06,5.08480544672959e-06,0.507045053440087,0.612266153657028,linear_duration_binning_25_50_25_other_controls_GDD_4_5,GDD_4_5
duration_years_x_weather_c_high,1.27342790064731e-05,4.73087126606145e-06,2.69174075773883,0.00725994621589244,linear_duration_binning_25_50_25_other_controls_GDD_4_5,GDD_4_5
ppt_4_5,-0.00019984216936228,1.4095848638871e-05,-14.1773776437406,8.98469237349244e-41,linear_duration_binning_25_50_25_other_controls_GDD_4_5,GDD_4_5
GDD_6_9,9.94579840438697e-05,3.62300762465962e-05,2.74517733186426,0.00618661111331937,linear_duration_binning_25_50_25_other_controls_GDD_4_5,GDD_4_5
ppt_6_9,-5.11027373183042e-06,1.14497923974445e-05,-0.446320208650332,0.655489519481034,linear_duration_binning_25_50_25_other_controls_GDD_4_5,GDD_4_5
EDD_6_9,-0.00941186362824959,0.000239371006173412,-39.3191463690936,1.98448046737489e-187,linear_duration_binning_25_50_25_other_controls_GDD_4_5,GDD_4_5
bin_middle,-0.00183677742127244,0.00264246275469902,-0.695100590540452,0.487198749323586,linear_duration_binning_25_50_25_other_controls_PPT_4_5,PPT_4_5
bin_high,-0.0216476311326426,0.00322649198228859,-6.70933981905875,3.75136912257967e-11,linear_duration_binning_25_50_25_other_controls_PPT_4_5,PPT_4_5
duration_years_low,0.00216253557147914,0.000330369050794156,6.54581767354037,1.07036271639323e-10,linear_duration_binning_25_50_25_other_controls_PPT_4_5,PPT_4_5
duration_years_middle,0.00173791386171271,0.000291953015854513,5.95271762008017,3.9801751449402e-09,linear_duration_binning_25_50_25_other_controls_PPT_4_5,PPT_4_5
duration_years_high,0.00122697126402307,0.000343829346667811,3.56854723401054,0.000380847942570707,linear_duration_binning_25_50_25_other_controls_PPT_4_5,PPT_4_5
weather_c_low,0.000296262295177473,0.000105205864554555,2.81602452897332,0.0049846001379494,linear_duration_binning_25_50_25_other_controls_PPT_4_5,PPT_4_5
weather_c_middle,-0.000369520082741399,6.4098774425739e-05,-5.76485410293613,1.17607295482039e-08,linear_duration_binning_25_50_25_other_controls_PPT_4_5,PPT_4_5
weather_c_high,-0.000368084557539307,4.06410208978584e-05,-9.05697124253845,1.05358683510391e-18,linear_duration_binning_25_50_25_other_controls_PPT_4_5,PPT_4_5
duration_years_x_weather_c_low,-3.61880157230821e-05,1.16276753412372e-05,-3.11223134986772,0.00192433907875152,linear_duration_binning_25_50_25_other_controls_PPT_4_5,PPT_4_5
duration_years_x_weather_c_middle,2.66198907675297e-06,5.89210671549923e-06,0.45178901287558,0.651546262582187,linear_duration_binning_25_50_25_other_controls_PPT_4_5,PPT_4_5
duration_years_x_weather_c_high,2.02388073757785e-05,3.95873494859911e-06,5.11244315130026,4.00195980369364e-07,linear_duration_binning_25_50_25_other_controls_PPT_4_5,PPT_4_5
GDD_4_5,0.000267613909201617,4.27066315853986e-05,6.26633146345154,6.10222825439218e-10,linear_duration_binning_25_50_25_other_controls_PPT_4_5,PPT_4_5
GDD_6_9,9.55261583212179e-05,3.63573951304704e-05,2.62742030825963,0.0087720643687276,linear_duration_binning_25_50_25_other_controls_PPT_4_5,PPT_4_5
ppt_6_9,-5.76300511218273e-06,1.1115065593899e-05,-0.518485929165006,0.604265947949066,linear_duration_binning_25_50_25_other_controls_PPT_4_5,PPT_4_5
EDD_6_9,-0.00917737649810639,0.000235061080078532,-39.0425182043761,7.71359584745647e-186,linear_duration_binning_25_50_25_other_controls_PPT_4_5,PPT_4_5
bin_middle,0.0206849893510375,0.00626265336986194,3.3029114225898,0.00100035264399413,linear_duration_binning_25_50_25_other_controls_GDD_6_9,GDD_6_9
bin_high,0.0393231097272245,0.0149942266374711,2.62255004395856,0.00889730394423164,linear_duration_binning_25_50_25_other_controls_GDD_6_9,GDD_6_9
duration_years_low,0.00300349315832038,0.000497280827563095,6.03983301153772,2.38391482288491e-09,linear_duration_binning_25_50_25_other_controls_GDD_6_9,GDD_6_9
duration_years_middle,0.00167403471256022,0.000323482678803303,5.17503663180105,2.89900296404842e-07,linear_duration_binning_25_50_25_other_controls_GDD_6_9,GDD_6_9
duration_years_high,0.00220323338107759,0.000306721321526999,7.18317647468683,1.58896653082823e-12,linear_duration_binning_25_50_25_other_controls_GDD_6_9,GDD_6_9
weather_c_low,3.02583291186524e-05,4.06968572841853e-05,0.743505300848148,0.457399131371425,linear_duration_binning_25_50_25_other_controls_GDD_6_9,GDD_6_9
weather_c_middle,0.000141073324807145,4.29846108318268e-05,3.28194956467283,0.00107666347119869,linear_duration_binning_25_50_25_other_controls_GDD_6_9,GDD_6_9
weather_c_high,0.000221155483809275,7.11771267352734e-05,3.10711451772718,0.00195754278585907,linear_duration_binning_25_50_25_other_controls_GDD_6_9,GDD_6_9
duration_years_x_weather_c_low,-1.3216930586411e-05,4.50327252960229e-06,-2.93496129748521,0.00343359708533176,linear_duration_binning_25_50_25_other_controls_GDD_6_9,GDD_6_9
duration_years_x_weather_c_middle,-6.00090855787679e-06,2.47818465973042e-06,-2.42149370682069,0.015683412970858,linear_duration_binning_25_50_25_other_controls_GDD_6_9,GDD_6_9
duration_years_x_weather_c_high,3.58914384965885e-06,3.09396627213565e-06,1.1600462105818,0.246384035990766,linear_duration_binning_25_50_25_other_controls_GDD_6_9,GDD_6_9
GDD_4_5,0.000276224240155673,4.43929829020071e-05,6.22225005166715,7.98240968361797e-10,linear_duration_binning_25_50_25_other_controls_GDD_6_9,GDD_6_9
ppt_4_5,-0.000206851706447045,1.41380738997011e-05,-14.6308265124727,5.02454084910447e-43,linear_duration_binning_25_50_25_other_controls_GDD_6_9,GDD_6_9
ppt_6_9,-6.5079377680611e-06,1.13859419473999e-05,-0.571576580850851,0.567773107860452,linear_duration_binning_25_50_25_other_controls_GDD_6_9,GDD_6_9
EDD_6_9,-0.00949553788078692,0.000259482939903765,-36.5940739083216,1.2914556888033e-171,linear_duration_binning_25_50_25_other_controls_GDD_6_9,GDD_6_9
bin_middle,0.02253787866954,0.00304200766129285,7.40888294145893,3.30679885829864e-13,linear_duration_binning_25_50_25_other_controls_PPT_6_9,PPT_6_9
bin_high,0.0232400190323507,0.00344124340237425,6.75337844928858,2.81790486006783e-11,linear_duration_binning_25_50_25_other_controls_PPT_6_9,PPT_6_9
duration_years_low,0.00314644412846017,0.000293340444789236,10.7262540312874,3.88618690808183e-25,linear_duration_binning_25_50_25_other_controls_PPT_6_9,PPT_6_9
duration_years_middle,0.00195993297707221,0.000283353960476232,6.91690694486201,9.6042829155161e-12,linear_duration_binning_25_50_25_other_controls_PPT_6_9,PPT_6_9
duration_years_high,0.0012403494431207,0.000315703800727075,3.92883912155677,9.29061755134791e-05,linear_duration_binning_25_50_25_other_controls_PPT_6_9,PPT_6_9
weather_c_low,5.59681187041786e-05,7.73972736839936e-05,0.723127780090699,0.469817608676753,linear_duration_binning_25_50_25_other_controls_PPT_6_9,PPT_6_9
weather_c_middle,0.000200797174394305,3.49616315840503e-05,5.74335822719184,1.32874247224502e-08,linear_duration_binning_25_50_25_other_controls_PPT_6_9,PPT_6_9
weather_c_high,-0.000294312459769125,2.80301955193541e-05,-10.4998361344255,3.23344237572269e-24,linear_duration_binning_25_50_25_other_controls_PPT_6_9,PPT_6_9
duration_years_x_weather_c_low,-5.78170293044168e-06,7.55202066144851e-06,-0.765583568905746,0.444155125699208,linear_duration_binning_25_50_25_other_controls_PPT_6_9,PPT_6_9
duration_years_x_weather_c_middle,-1.47156177512159e-05,3.56685843187249e-06,-4.1256523162571,4.09321385120047e-05,linear_duration_binning_25_50_25_other_controls_PPT_6_9,PPT_6_9
duration_years_x_weather_c_high,7.1211317854923e-06,2.51889802730297e-06,2.82708220352891,0.00481738464828293,linear_duration_binning_25_50_25_other_controls_PPT_6_9,PPT_6_9
GDD_4_5,0.000228862274174401,4.18263878496279e-05,5.47171979079798,6.00410551055675e-08,linear_duration_binning_25_50_25_other_controls_PPT_6_9,PPT_6_9
ppt_4_5,-0.000216261515502151,1.42454051499511e-05,-15.1811417945452,8.21543573409014e-46,linear_duration_binning_25_50_25_other_controls_PPT_6_9,PPT_6_9
GDD_6_9,0.000147595311300224,3.64455012624159e-05,4.04975391166948,5.63795729845748e-05,linear_duration_binning_25_50_25_other_controls_PPT_6_9,PPT_6_9
EDD_6_9,-0.0092598532363252,0.000230287379267692,-40.2099900818329,1.59846354350323e-192,linear_duration_binning_25_50_25_other_controls_PPT_6_9,PPT_6_9
bin_middle,-0.0679059032799988,0.00474219105561252,-14.3195207623763,1.78570913421861e-41,linear_duration_binning_25_50_25_other_controls_EDD_6_9,EDD_6_9
bin_high,-0.220353049276172,0.0100208731235781,-21.989406168381,8.27961126039213e-84,linear_duration_binning_25_50_25_other_controls_EDD_6_9,EDD_6_9
duration_years_low,0.00229921141087264,0.000442656493925583,5.1941210451533,2.62579731834357e-07,linear_duration_binning_25_50_25_other_controls_EDD_6_9,EDD_6_9
duration_years_middle,0.00105246662790579,0.000308305203580031,3.41371671864303,0.000673822410731586,linear_duration_binning_25_50_25_other_controls_EDD_6_9,EDD_6_9
duration_years_high,0.00296012127127142,0.000304835798410413,9.71054346867126,4.00338740570111e-21,linear_duration_binning_25_50_25_other_controls_EDD_6_9,EDD_6_9
weather_c_low,-0.00966092071582943,0.00195091776003263,-4.95198768177077,9.00392555907729e-07,linear_duration_binning_25_50_25_other_controls_EDD_6_9,EDD_6_9
weather_c_middle,-0.00733521817243308,0.000563732348169482,-13.0118808974712,3.52842842493618e-35,linear_duration_binning_25_50_25_other_controls_EDD_6_9,EDD_6_9
weather_c_high,-0.0106038814629489,0.000363394208457619,-29.1801058359068,3.25570218869844e-127,linear_duration_binning_25_50_25_other_controls_EDD_6_9,EDD_6_9
duration_years_x_weather_c_low,-0.000534490726485695,0.000194315860184413,-2.75062841488309,0.0060855941861689,linear_duration_binning_25_50_25_other_controls_EDD_6_9,EDD_6_9
duration_years_x_weather_c_middle,-1.99263331805429e-05,3.62032027746806e-05,-0.550402496280764,0.582200519924276,linear_duration_binning_25_50_25_other_controls_EDD_6_9,EDD_6_9
duration_years_x_weather_c_high,0.000132479327303274,3.05750383679502e-05,4.33292431914471,1.66325529748578e-05,linear_duration_binning_25_50_25_other_controls_EDD_6_9,EDD_6_9
GDD_4_5,0.00027257787567183,4.49446623776032e-05,6.06474409311975,2.05646414161041e-09,linear_duration_binning_25_50_25_other_controls_EDD_6_9,EDD_6_9
ppt_4_5,-0.000203632379060448,1.42480009306832e-05,-14.2919964738298,2.44343307106354e-41,linear_duration_binning_25_50_25_other_controls_EDD_6_9,EDD_6_9
GDD_6_9,4.03396319725484e-05,3.70539124683567e-05,1.08867402347856,0.276633053468162,linear_duration_binning_25_50_25_other_controls_EDD_6_9,EDD_6_9
ppt_6_9,1.56585369549883e-05,1.10397456526855e-05,1.41837841627983,0.156478700044814,linear_duration_binning_25_50_25_other_controls_EDD_6_9,EDD_6_9
