weather_bin,weather_var,weather_source_var,bin_order,control_weather_slope,control_weather_slope_std_error,observations,fields,counties,control_observations,low_till_observations,mean_low_till_duration,median_low_till_duration,weather_min,weather_p05,weather_q25,weather_median,weather_mean,weather_q75,weather_p95,weather_max
low,GDD_4_5,GDD_4_5,1,0.000205583301520689,6.5609738918525e-05,5848291,1596452,412,3809372,2038919,6.97180074343316,5,76.011981634848,181.814835250407,219.872918982143,247.536637307703,240.48363593787,266.360715713423,278.479726605549,282.390224553448
middle,GDD_4_5,GDD_4_5,2,0.000106891773233569,5.961621730259e-05,11696984,2581530,698,6517073,5179911,7.9920114457565,6,282.413389049258,288.547509452947,310.047271608639,338.6331450744,340.762325933927,369.638722247186,399.264194886221,407.438215285674
high,GDD_4_5,GDD_4_5,3,0.000224709449654311,7.26600675514544e-05,5846266,1378876,462,2312066,3534200,8.18133778507159,7,407.447059202622,411.887345991593,430.149161324887,458.704294071816,469.631745452059,497.978312002826,564.4808159042,728.194187556572
low,PPT_4_5,ppt_4_5,1,0.000296262295177473,0.000105205864554555,5848028,2430238,781,3193270,2654758,7.720387696355,5,25.4929090889853,72.0485616680791,100.473315065077,120.280219178459,115.312776548813,133.565553051171,143.923356334778,146.006113233679
middle,PPT_4_5,ppt_4_5,2,-0.000369520082741399,6.4098774425739e-05,11695851,2991216,788,6512877,5182974,7.54867591463897,6,146.006142606599,150.567429676896,168.304814396606,188.134987331645,187.893146988279,206.930836030776,226.33421729019,231.886688311821
high,PPT_4_5,ppt_4_5,3,-0.000368084557539307,4.06410208978584e-05,5847662,2220572,754,2932364,2915298,8.54354409051836,8,231.892409196539,234.535482292132,247.056467879061,268.433457132609,284.726800097023,306.095892260899,392.30387408846,654.524639703139
low,GDD_6_9,GDD_6_9,1,3.02583291186524e-05,4.06968572841853e-05,5847847,1662160,415,3973457,1874390,5.8235201852336,4,883.970116744175,1162.57769730252,1267.42640931714,1325.95779847264,1307.05641835557,1362.5067807368,1387.21866605367,1392.35436027482
middle,GDD_6_9,GDD_6_9,2,0.000141073324807145,4.29846108318268e-05,11695752,2566211,639,6636632,5059120,7.38384047027942,6,1392.41305295932,1404.54440566622,1443.16311083393,1492.70307375837,1497.98543027309,1551.7833079844,1605.69940126612,1620.17323450336
high,GDD_6_9,GDD_6_9,3,0.000221155483809275,7.11771267352734e-05,5847942,1467734,486,2028422,3819520,9.4923042685992,9,1620.21817019673,1629.29496449242,1666.19431333557,1712.82427849604,1730.61532706653,1780.78182888651,1893.16135100069,2136.46864701789
low,PPT_6_9,ppt_6_9,1,5.59681187041786e-05,7.73972736839936e-05,5848483,2516079,788,3496450,2352033,7.40608783975395,6,88.1284107046196,184.987242248382,232.7887248946,261.92356805063,254.658033318323,283.791532335654,298.166645216662,301.334822707569
middle,PPT_6_9,ppt_6_9,2,0.000200797174394305,3.49616315840503e-05,11694562,3007813,786,6674644,5019918,7.5389948600754,6,301.346785308608,307.752693024607,332.697553016312,367.783878025519,368.966223833197,404.253965072307,435.653074471346,445.202698842199
high,PPT_6_9,ppt_6_9,3,-0.000294312459769125,2.80301955193541e-05,5848496,2128804,740,2467417,3381079,8.65487910811904,8,445.221217492912,449.888845500563,472.695704643762,514.928911564797,536.203890950189,577.472249920414,697.193239848215,1047.79025440092
low,EDD_6_9,EDD_6_9,1,-0.00966092071582943,0.00195091776003263,5848373,2113191,588,3265178,2583195,6.65068413340844,5,0,0.345723588451594,1.12776666086306,2.09984651516992,2.22172189689703,3.27793765878928,4.38001646556961,4.64731096089379
middle,EDD_6_9,EDD_6_9,2,-0.00733521817243308,0.000563732348169482,11694488,2835333,762,6750665,4943823,8.25798435744969,7,4.64796906741801,5.1929808802483,7.36500213136791,10.0240673612672,10.6142288713311,13.6506624015971,17.6176555232976,18.9987574139975
high,EDD_6_9,EDD_6_9,3,-0.0106038814629489,0.000363394208457619,5848680,1892036,643,2622668,3226012,8.22107977279688,7,18.9991730161816,19.618310201158,22.876669006436,28.3732845567617,33.5277003374228,39.8620688532367,62.3663525538605,135.136529235776
