"Weather variable","Weather bin","Weather unit","Control weather slope (% yield per weather unit)","Control weather slope SE","Control weather slope p-value","Duration-weather slope (% yield per year per weather unit)","Duration-weather slope SE","Duration-weather slope p-value","Duration-weather slope significance"
"GDD, Apr-May","Low","degree days",0.04106,0.00651,2.92e-10,0.00091,0.00074,0.218,""
"GDD, Apr-May","Middle","degree days",0.05492,0.0053,3.66e-25,0.00057,0.00039,0.143,""
"GDD, Apr-May","High","degree days",0.0419,0.00469,4.12e-19,0.00416,0.00035,1.6e-32,"***"
"PPT, Apr-May","Low","mm",0.03014,0.00635,2.08e-06,-0.00265,0.00061,1.36e-05,"***"
"PPT, Apr-May","Middle","mm",-0.01295,0.00613,0.0348,-2e-04,0.00053,0.708,""
"PPT, Apr-May","High","mm",-0.02137,0.00489,1.25e-05,0.00082,0.00044,0.0632,"."
"GDD, Jun-Sep","Low","degree days",0.01681,0.00341,8.33e-07,-0.00091,0.00045,0.0422,"*"
"GDD, Jun-Sep","Middle","degree days",-0.01432,0.00361,7.34e-05,0.00089,0.00019,2.65e-06,"***"
"GDD, Jun-Sep","High","degree days",-0.00409,0.00449,0.362,0.00132,0.00025,8.83e-08,"***"
"PPT, Jun-Sep","Low","mm",0.04399,0.00762,7.7e-09,0.00026,6e-04,0.664,""
"PPT, Jun-Sep","Middle","mm",0.01897,0.0037,3.02e-07,-0.00107,0.00032,0.000769,"***"
"PPT, Jun-Sep","High","mm",-0.01662,0.00238,2.98e-12,0.00054,0.00021,0.0111,"*"
"EDD, Jun-Sep","Low","degree days",-0.69647,0.15149,4.28e-06,-0.07616,0.01485,2.91e-07,"***"
"EDD, Jun-Sep","Middle","degree days",-0.60173,0.04356,2.1e-43,0.00252,0.00285,0.377,""
"EDD, Jun-Sep","High","degree days",-0.65387,0.02166,3.27e-200,0.00983,0.00162,1.45e-09,"***"
