weather_bin,weather_var,weather_source_var,treatment,bin_order,estimate_log_points_per_year,std_error,ci_low_log_points_per_year,ci_high_log_points_per_year,pct_effect_per_year,pct_effect_low_per_year,pct_effect_high_per_year,observations,fields,counties,control_observations,low_till_observations,mean_low_till_duration,median_low_till_duration,weather_min,weather_p05,weather_q25,weather_median,weather_mean,weather_q75,weather_p95,weather_max
low,GDD_4_5,GDD_4_5,low_till_duration_years,1,0.00120674934342256,0.00031634077522162,0.000586721423988187,0.00182677726285694,0.120747775838681,0.0586893578670145,0.182844683693295,5290231,1498339,438,3720826,1569405,6.90090002262004,5,82.8705796312007,177.106618866572,223.958185471488,252.638738947904,244.764953696102,273.336863130315,287.197582921798,290.614820934645
middle,GDD_4_5,GDD_4_5,low_till_duration_years,2,0.000397704761576263,0.000217530606203923,-2.8655226583427e-05,0.000824064749735953,0.0397783856600054,-0.00286548160263189,0.0824404384379029,10577904,2490854,704,5860388,4717516,8.79985187119662,8,290.626773110784,296.405886004614,320.163429478822,351.737962263946,352.351004980387,383.873693386262,413.058143642447,420.783226182179
high,GDD_4_5,GDD_4_5,low_till_duration_years,3,0.00305083381660597,0.000248815869570847,0.00256315471224711,0.00353851292096483,0.305549234635616,0.256644240163872,0.354478084867793,5288618,1247926,431,2090075,3198543,9.09810154185828,8,420.808596049082,424.769072321103,444.131564416843,470.924409416067,480.994072380566,507.745854140691,573.755154220042,728.194187556572
low,PPT_4_5,ppt_4_5,low_till_duration_years,1,0.00173561986685985,0.000279833487529328,0.00118714623130237,0.00228409350241734,0.173712692678918,0.118785116831655,0.228670403116671,5289177,2158714,784,3023292,2265885,8.68444426791298,7,25.4929090889853,70.2733485159622,100.141381521641,121.725662220407,116.42970669599,136.526254627855,147.490221920088,150.141508413819
middle,PPT_4_5,ppt_4_5,low_till_duration_years,2,0.00140367858797375,0.000237415612138618,0.000938343988182062,0.00186901318776544,0.140466420587249,0.0938784370634771,0.187076088156468,10576420,2830217,781,6046279,4530141,8.41372531230264,7,150.151904651081,154.89687535979,173.768060365099,194.432367437311,194.393814548551,214.355107381371,234.931114630966,239.954965976194
high,PPT_4_5,ppt_4_5,low_till_duration_years,3,0.00113876643375165,0.000284169724671405,0.000581793773395695,0.0016957390941076,0.113941507444038,0.0581963048219114,0.169717767268174,5291156,2079085,734,2601718,2689438,8.79406924420641,8,239.982474229469,242.981053151486,256.495368664983,280.14719819407,297.043309588593,320.3111535568,408.002763491455,654.524639703139
low,GDD_6_9,GDD_6_9,low_till_duration_years,1,-0.000191746282546329,0.000399975933351901,-0.000975699111916056,0.000592206546823397,-0.0191727900402783,-0.0975223272308923,0.059238193574096,5288215,1530930,429,3877424,1410791,5.82329487500275,4,883.970116744175,1146.47706613475,1266.1107269699,1334.09626995432,1311.11404824936,1374.55787564207,1402.2279552147,1409.18017589831
middle,GDD_6_9,GDD_6_9,low_till_duration_years,2,0.000227785409378861,0.000206242474398153,-0.000176449840441519,0.000632020659199242,0.0227811354445162,-0.0176434274083981,0.0632220426339591,10578844,2463522,664,5910416,4668428,8.24227041736533,7,1409.19620819445,1419.7313232167,1462.67898857805,1520.31662891072,1525.91480566304,1585.33647730752,1647.96132875217,1663.88229190998
high,GDD_6_9,GDD_6_9,low_till_duration_years,3,0.00356733023629157,0.000267975098798148,0.0030420990426472,0.00409256142993594,0.357370073176688,0.304673092162711,0.410094739558864,5289694,1290448,425,1883449,3406245,10.2020024983523,10,1663.89977357426,1671.17658785155,1702.45296035985,1743.24759017139,1762.89301865462,1810.07129014688,1910.75490828816,2136.46864701789
low,PPT_6_9,ppt_6_9,low_till_duration_years,1,0.00237458366728726,0.000291771281693273,0.00180271195516845,0.00294645537940608,0.237740522398244,0.180433781720524,0.295080044552387,5288115,2353062,781,3378028,1910087,8.15968696713815,7,88.1284107046196,188.972164112226,233.450930834338,261.118323183645,254.161786270507,280.812545743967,295.37984259591,298.639604783169
middle,PPT_6_9,ppt_6_9,low_till_duration_years,2,0.00167195303999901,0.000218869748525597,0.00124296833288884,0.00210093774710918,0.167335153277914,0.124374113818471,0.210314626319863,10577902,2842362,783,6040284,4537618,8.35651722996515,7,298.655566051146,305.278252788263,331.130185618038,365.032176441468,366.621580348789,402.0385821134,432.958129847511,442.223963205095
high,PPT_6_9,ppt_6_9,low_till_duration_years,3,0.000707874632988423,0.000268998180512843,0.000180638199183251,0.00123511106679359,0.0708125235364676,0.0180654515245182,0.123587413059112,5290736,2024577,736,2252977,3037759,9.19757722715989,9,442.312167026567,447.246231640726,469.040510417536,508.925418957655,531.363147130348,570.535849915065,692.640326187088,1047.79025440092
low,EDD_6_9,EDD_6_9,low_till_duration_years,1,0.000543064284267511,0.000297834679160556,-4.06916868871789e-05,0.0011268202554222,0.0543211770372976,-0.0040690858991721,0.112745535589176,5289136,1959145,598,3131432,2157704,6.95234888566736,5,0,0.441940517065456,1.25334499859769,2.31983446398474,2.43321004211886,3.56805453504197,4.75473446418881,5.04805253046423
middle,EDD_6_9,EDD_6_9,low_till_duration_years,2,0.00069246692089195,0.000222553461032865,0.000256262137267535,0.00112867170451636,0.0692706731460602,0.0256294975214066,0.112930889412799,10579104,2719758,761,6087814,4491290,9.13766089475407,8,5.0491736963906,5.63331119212506,8.02499580074799,11.1752947869261,11.7543707694875,15.1092416233891,19.5952328347758,20.989908319606
high,EDD_6_9,EDD_6_9,low_till_duration_years,3,0.0036405621557587,0.000269278319093971,0.00311277665033452,0.00416834766118288,0.364719705130367,0.311762637029811,0.417704730580959,5288513,1655125,612,2452043,2836470,8.95599882953107,8,20.9922191658355,21.7268672847668,25.070065867566,31.0338645285395,35.88520889393,42.7765729363289,64.7958714172893,135.136529235776
