"Weather variable","Weather bin","Median weather value","Bin range","Observations","Fields","Counties","Control observations","Low-till observations","Mean low-till duration","Median low-till duration","Low-till duration effect per year (%; 95% CI)","p-value","Significant at 5%","Significance"
"GDD, Apr-May","Low","252.6 degree days","82.9-290.6 degree days",5290231,1498339,438,3720826,1569405,6.9,5,"0.121 (0.059, 0.183)",0.000136,TRUE,"***"
"GDD, Apr-May","Middle","351.7 degree days","290.6-420.8 degree days",10577904,2490854,704,5860388,4717516,8.8,8,"0.040 (-0.003, 0.082)",0.0675,FALSE,"."
"GDD, Apr-May","High","470.9 degree days","420.8-728.2 degree days",5288618,1247926,431,2090075,3198543,9.1,8,"0.306 (0.257, 0.354)",1.46e-34,TRUE,"***"
"PPT, Apr-May","Low","121.7 mm","25.5-150.1 mm",5289177,2158714,784,3023292,2265885,8.68,7,"0.174 (0.119, 0.229)",5.56e-10,TRUE,"***"
"PPT, Apr-May","Middle","194.4 mm","150.2-240.0 mm",10576420,2830217,781,6046279,4530141,8.41,7,"0.140 (0.094, 0.187)",3.37e-09,TRUE,"***"
"PPT, Apr-May","High","280.1 mm","240.0-654.5 mm",5291156,2079085,734,2601718,2689438,8.79,8,"0.114 (0.058, 0.170)",6.14e-05,TRUE,"***"
"GDD, Jun-Sep","Low","1,334.1 degree days","884.0-1,409.2 degree days",5288215,1530930,429,3877424,1410791,5.82,4,"-0.019 (-0.098, 0.059)",0.632,FALSE,""
"GDD, Jun-Sep","Middle","1,520.3 degree days","1,409.2-1,663.9 degree days",10578844,2463522,664,5910416,4668428,8.24,7,"0.023 (-0.018, 0.063)",0.269,FALSE,""
"GDD, Jun-Sep","High","1,743.2 degree days","1,663.9-2,136.5 degree days",5289694,1290448,425,1883449,3406245,10.2,10,"0.357 (0.305, 0.410)",1.97e-40,TRUE,"***"
"PPT, Jun-Sep","Low","261.1 mm","88.1-298.6 mm",5288115,2353062,781,3378028,1910087,8.16,7,"0.238 (0.180, 0.295)",4e-16,TRUE,"***"
"PPT, Jun-Sep","Middle","365.0 mm","298.7-442.2 mm",10577902,2842362,783,6040284,4537618,8.36,7,"0.167 (0.124, 0.210)",2.19e-14,TRUE,"***"
"PPT, Jun-Sep","High","508.9 mm","442.3-1,047.8 mm",5290736,2024577,736,2252977,3037759,9.2,9,"0.071 (0.018, 0.124)",0.0085,TRUE,"**"
"EDD, Jun-Sep","Low","2.3 degree days","0.0-5.0 degree days",5289136,1959145,598,3131432,2157704,6.95,5,"0.054 (-0.004, 0.113)",0.0682,FALSE,"."
"EDD, Jun-Sep","Middle","11.2 degree days","5.0-21.0 degree days",10579104,2719758,761,6087814,4491290,9.14,8,"0.069 (0.026, 0.113)",0.00186,TRUE,"**"
"EDD, Jun-Sep","High","31.0 degree days","21.0-135.1 degree days",5288513,1655125,612,2452043,2836470,8.96,8,"0.365 (0.312, 0.418)",1.2e-41,TRUE,"***"
