crop,dropped,model,nobs,b,se,p,pct,pct_lo,pct_hi
corn,none,linear,22970456,0.00198364264903545,0.000269225985082673,4.40920015442487e-13,0.198561136964592,0.145702014220639,0.251448159925927
corn,IA,linear,18443427,0.00188575389527432,0.000346068334009339,7.0753948025668e-08,0.188753304732292,0.120818923388755,0.256733781185914
corn,IL,linear,19098210,0.00167280688234552,0.000294029906717383,1.89665976274351e-08,0.167420680426922,0.109710965015508,0.225163663452643
corn,IN,linear,20503080,0.00235544299785932,0.000282843711618094,4.42880826292375e-16,0.235821923304402,0.180269222261309,0.291405429840608
corn,MI,linear,21819305,0.00210038507709875,0.000270374357393336,2.76761708530684e-14,0.210259243099542,0.157168514110029,0.263378114113677
corn,MN,linear,19682667,0.00179231422320096,0.000325392234021962,5.10641658564651e-08,0.179392137837064,0.115521218868042,0.243303804676542
corn,MO,linear,21669753,0.00176268572021846,0.00027066246003181,1.44827260430896e-10,0.176424016389021,0.12329467532235,0.229581549964664
corn,OH,linear,21109592,0.00214523800850686,0.000277067728411175,3.4521599116524e-14,0.214754067786038,0.160346944536816,0.269190744996961
corn,SD,linear,21300715,0.00206456079833723,0.000261303424304514,1.04386415363248e-14,0.206669347140753,0.15536116928121,0.258003809455598
corn,WI,linear,20136850,0.00201536115352519,0.000278095796025834,1.1141697120329e-12,0.201739335879458,0.147137480457804,0.256370961124697
soy,none,linear,20753599,0.00159054286412536,0.000218330726211371,7.8999832070752e-13,0.15918084483264,0.116329073914101,0.202050957157485
soy,IA,linear,17264836,0.00162406922104813,0.000252098350901776,2.2304697389778e-10,0.162538873569651,0.113059509459679,0.212042692106307
soy,IL,linear,17398813,0.00134844965289986,0.000229438138374154,6.55372555514066e-09,0.13493592199223,0.0899154899300259,0.179976604239407
soy,IN,linear,18312847,0.00183560004738749,0.000226410712228478,2.37904850119914e-15,0.183728579244802,0.139280410335951,0.228196477072307
soy,MI,linear,19676427,0.00156822381453387,0.000222053183963521,3.90924262870728e-12,0.156945412054776,0.113364166045438,0.200545629807003
soy,MN,linear,17440908,0.0017294750441124,0.000242756744354212,2.62830613545815e-12,0.173097144861689,0.125445800020163,0.220771167761202
soy,MO,linear,18719442,0.00122323282524795,0.000227059108955018,9.92329870932664e-08,0.122398127966727,0.0778499845519587,0.166966101314703
soy,OH,linear,18208316,0.00158472612574913,0.000231635659119117,1.73087040932141e-11,0.158598246776087,0.113135973901035,0.204081164476988
soy,SD,linear,19323633,0.00179270568445129,0.000230171083966862,2.38582182960633e-14,0.179431354194826,0.134247066795545,0.224636030421022
soy,WI,linear,19683505,0.00162142500716384,0.000221492002532541,6.74742932784152e-13,0.162274022743847,0.118800580269074,0.205766342194647
