crop,reference,fe,rel,period,duration,is_reference,n_cohorts,estimate,std_error,pct,pct_lo,pct_hi
corn,k=-4:-1,OBJECTID + year,<=-11,pre,,FALSE,3,-0.00922214401462349,0.00265939634543132,-0.917975046440944,-1.4330882030412,-0.400169895547009
corn,k=-4:-1,OBJECTID + year,-10:-8,pre,,FALSE,4,-0.00710011331423151,0.00206045449648866,-0.707496705864497,-1.10767995614357,-0.305694051432159
corn,k=-4:-1,OBJECTID + year,-7:-5,pre,,FALSE,5,-0.00478926707981329,0.00140450124397488,-0.477781682696521,-0.751371932916134,-0.203437249507588
corn,k=-4:-1,OBJECTID + year,-4:-3,pre,,TRUE,,0,,0,,
corn,k=-4:-1,OBJECTID + year,-2,pre,,TRUE,,0,,0,,
corn,k=-4:-1,OBJECTID + year,-1,pre,,TRUE,,0,,0,,
corn,k=-4:-1,OBJECTID + year,0,post,1,FALSE,5,0.00650037719102772,0.00177620163570437,0.652155049613423,0.302358382152668,1.00317160572425
corn,k=-4:-1,OBJECTID + year,1:3,post,2-4,FALSE,5,0.0111441846656006,0.0020592011749811,1.12065124069731,0.713347322744617,1.52960237310558
corn,k=-4:-1,OBJECTID + year,4:8,post,5-9,FALSE,4,0.0234686607596345,0.00292456891281859,2.37462168151268,1.7894731581424,2.96313399864061
corn,k=-4:-1,OBJECTID + year,9:13,post,10-14,FALSE,3,0.0376036410791288,0.00388719452109884,3.83196040697229,3.04388091495362,4.62606713011062
corn,k=-4:-1,OBJECTID + year,14:18,post,15-19,FALSE,2,0.0423245538520646,0.00476557904032439,4.32330091038322,3.35340221329006,5.3023014218577
corn,k=-4:-1,OBJECTID + year,>=19,post,20+,FALSE,1,0.0484211677631712,0.00550718067676816,4.96126252477671,3.83439556055722,6.10035885815847
