crop,reference,fe,rel,k_order,period,duration,is_reference,n_cohorts,estimate,std_error,pct,pct_lo,pct_hi
corn,k=-4:-3,field + year,<=-11,-5,pre,,FALSE,3,-0.0156978235981268,0.00322704994079828,-1.55752549570123,-2.17821091504117,-0.932901788241802
corn,k=-4:-3,field + year,-10:-8,-4,pre,,FALSE,4,-0.00983802398938552,0.0023923979549694,-0.978978894016391,-1.44221144261369,-0.513569101010292
corn,k=-4:-3,field + year,-7:-5,-3,pre,,FALSE,5,-0.00480152434718345,0.00154352145048609,-0.479001545659596,-0.779627653921655,-0.177464575496578
corn,k=-4:-3,field + year,-4:-3,-2,pre,,TRUE,,0,,0,,
corn,k=-4:-3,field + year,-2,-1,pre,,FALSE,5,-0.00178934484431516,0.00165189120503524,-0.17877449212429,-0.501443712898675,0.144941130024345
corn,k=-4:-3,field + year,-1,0,pre,,FALSE,5,0.00486541418096785,0.00198734362257836,0.487726952780343,0.0970691497051757,0.879909411076674
corn,k=-4:-3,field + year,0,1,post,1,FALSE,5,0.00735494784284528,0.00243908509821818,0.738206190513924,0.257765751154948,1.220948925501
corn,k=-4:-3,field + year,1:3,2,post,2-4,FALSE,5,0.0127556300771617,0.00274530556086967,1.28373301355018,0.740209221929522,1.83018927984346
corn,k=-4:-3,field + year,4:8,3,post,5-9,FALSE,4,0.025725779870161,0.00340435417112158,2.60595437104814,1.92359170971466,3.29288534472001
corn,k=-4:-3,field + year,9:13,4,post,10-14,FALSE,3,0.040072416808269,0.0044527709344304,4.08861491158399,3.18414131026026,5.00101679030678
corn,k=-4:-3,field + year,14:18,5,post,15-19,FALSE,2,0.0442956794019903,0.00536186412228209,4.52913803302051,3.43636696621112,5.63345386536527
corn,k=-4:-3,field + year,>=19,6,post,20+,FALSE,1,0.0499714711296522,0.00624313716734727,5.12411052270241,3.84559248639313,6.41836931728586
corn,k=-4:-3,field + year^state,<=-11,-5,pre,,FALSE,3,-7.19107173767471e-05,0.00260868947879529,-0.00719081318630854,-0.517152348513728,0.505384848833823
corn,k=-4:-3,field + year^state,-10:-8,-4,pre,,FALSE,4,0.000908444379942524,0.00158209523170724,0.0908857140518693,-0.219006058431726,0.401739923437128
corn,k=-4:-3,field + year^state,-7:-5,-3,pre,,FALSE,5,0.00102871686174168,0.00110522265942715,0.102924617242062,-0.113687282061736,0.320006257731031
corn,k=-4:-3,field + year^state,-4:-3,-2,pre,,TRUE,,0,,0,,
corn,k=-4:-3,field + year^state,-2,-1,pre,,FALSE,5,0.00413905735566191,0.00119453570253468,0.414763508404548,0.17993843312909,0.650139021390794
corn,k=-4:-3,field + year^state,-1,0,pre,,FALSE,5,0.00545152763184504,0.00148361037759855,0.546641424791128,0.254688911741674,0.839444135180978
corn,k=-4:-3,field + year^state,0,1,post,1,FALSE,5,0.0128162768764972,0.00171999695236741,1.28987573404848,0.948982840909762,1.63191978256614
corn,k=-4:-3,field + year^state,1:3,2,post,2-4,FALSE,5,0.0109710158755223,0.00200036454275423,1.10314181595672,0.707521325746097,1.50031646587869
corn,k=-4:-3,field + year^state,4:8,3,post,5-9,FALSE,4,0.0191371960815076,0.002539434246472,1.93214859382895,1.426063127614,2.44075927389149
corn,k=-4:-3,field + year^state,9:13,4,post,10-14,FALSE,3,0.0320251619226408,0.0034582096003941,3.25434857575699,2.55684775624332,3.95659317790307
corn,k=-4:-3,field + year^state,14:18,5,post,15-19,FALSE,2,0.0368834923741177,0.00434811057436723,3.75721287304676,2.87672035589368,4.6452412746067
corn,k=-4:-3,field + year^state,>=19,6,post,20+,FALSE,1,0.0475141197982929,0.00526086633960639,4.86610078986598,3.79035089211863,5.95300045088665
soy,k=-4:-3,field + year,<=-11,-5,pre,,FALSE,3,-0.0028883778341148,0.00256805572142769,-0.28842104841178,-0.789047254198305,0.214731356256848
soy,k=-4:-3,field + year,-10:-8,-4,pre,,FALSE,4,-0.00428935919030873,0.00197953718251087,-0.428017302812023,-0.813597440787561,-0.040938249269773
soy,k=-4:-3,field + year,-7:-5,-3,pre,,FALSE,5,-0.00202602603174616,0.00131102375049396,-0.202397502636942,-0.458508882123165,0.0543728285885559
soy,k=-4:-3,field + year,-4:-3,-2,pre,,TRUE,,0,,0,,
soy,k=-4:-3,field + year,-2,-1,pre,,FALSE,5,0.00191951408819132,0.00156742437539755,0.192135753467726,-0.115197365592223,0.500414498324386
soy,k=-4:-3,field + year,-1,0,pre,,FALSE,5,0.0151835896193258,0.00193871685922408,1.52994459451397,1.14487455081254,1.91648064367749
soy,k=-4:-3,field + year,0,1,post,1,FALSE,5,0.00633336274041751,0.00239432079784839,0.635346088943822,0.164184032300208,1.10872444361616
soy,k=-4:-3,field + year,1:3,2,post,2-4,FALSE,5,0.0135549179133376,0.00260392226866557,1.36472023108771,0.848704272862655,1.88337650552763
soy,k=-4:-3,field + year,4:8,3,post,5-9,FALSE,4,0.0178678491615565,0.00293494732874573,1.80284341889199,1.21890405644178,2.39015157082076
soy,k=-4:-3,field + year,9:13,4,post,10-14,FALSE,3,0.0252966731572956,0.00353327924336524,2.56193491244561,1.85412390398159,3.27466468516286
soy,k=-4:-3,field + year,14:18,5,post,15-19,FALSE,2,0.035140507338012,0.00461571790552618,3.57652311913419,2.64371213755421,4.51781134992151
soy,k=-4:-3,field + year,>=19,6,post,20+,FALSE,1,0.0430825931999766,0.00568879118004561,4.40241205827057,3.24478772403198,5.57301616736039
soy,k=-4:-3,field + year^state,<=-11,-5,pre,,FALSE,3,0.00168756401978228,0.00178816771191868,0.16889887572753,-0.181559450618718,0.520587646446868
soy,k=-4:-3,field + year^state,-10:-8,-4,pre,,FALSE,4,0.00230336606578749,0.00122200524171169,0.230602085132703,-0.00917599977612316,0.470955158102449
soy,k=-4:-3,field + year^state,-7:-5,-3,pre,,FALSE,5,0.000718477040808561,0.00087741069544564,0.0718735207262844,-0.100074684081353,0.244117683564338
soy,k=-4:-3,field + year^state,-4:-3,-2,pre,,TRUE,,0,,0,,
soy,k=-4:-3,field + year^state,-2,-1,pre,,FALSE,5,-0.00142812124593981,0.00121359577042974,-0.142710196606943,-0.379953239658881,0.0950978357549426
soy,k=-4:-3,field + year^state,-1,0,pre,,FALSE,5,0.00427815287116411,0.00136417826896978,0.428731723134268,0.16056511435889,0.697616312384097
soy,k=-4:-3,field + year^state,0,1,post,1,FALSE,5,-0.00451115076684655,0.00172652984585846,-0.450099080966704,-0.786406443402687,-0.11265172714473
soy,k=-4:-3,field + year^state,1:3,2,post,2-4,FALSE,5,-0.00289258179678541,0.00168547895429072,-0.288840231286414,-0.617696417775637,0.0411041408001855
soy,k=-4:-3,field + year^state,4:8,3,post,5-9,FALSE,4,-0.000733243842763357,0.00205585826790171,-0.0732975085189214,-0.475140225265824,0.330167692995786
soy,k=-4:-3,field + year^state,9:13,4,post,10-14,FALSE,3,0.00484446490430657,0.00281887951466903,0.485621829637828,-0.0680307430338423,1.04234180079572
soy,k=-4:-3,field + year^state,14:18,5,post,15-19,FALSE,2,0.00946469428776898,0.00356439262636152,0.950962615032047,0.248155872248534,1.65869650399002
soy,k=-4:-3,field + year^state,>=19,6,post,20+,FALSE,1,0.0170333678719264,0.00431573381033208,1.71792628663452,0.861139617848128,2.58199111426973
