model,term,estimate,std_error,t_value,p_value
field_year_climate,till_duration_bin::1_4,0.00281313592632204,0.000992267754911775,2.83505728408171,0.0047005705560587
field_year_climate,till_duration_bin::5_9,0.00947345585424249,0.0015109470356303,6.26987950659076,5.98625091500187e-10
field_year_climate,till_duration_bin::10_14,0.0152726847006142,0.00216710613508498,7.04750194434537,4.01829620320007e-12
field_year_climate,till_duration_bin::15_19,0.0218509282527596,0.00294953151029317,7.40827083097941,3.33669303801528e-13
field_year_climate,till_duration_bin::20+,0.0298525370009291,0.00372946304463171,8.00451342289063,4.35813525463938e-15
field_year_climate,GDD_4_5,0.000560403614558069,3.01415904787175e-05,18.5923703977652,4.00580683351934e-64
field_year_climate,PPT_4_5,-0.000134370128527726,1.17308139802095e-05,-11.4544590643425,3.50841578573437e-28
field_year_climate,GDD_6_9,1.56417317100385e-05,2.47845278388556e-05,0.63110872281845,0.528154798347598
field_year_climate,PPT_6_9,4.96958647172052e-05,9.39657192104799e-06,5.28872285922574,1.60217990688689e-07
field_year_climate,EDD_6_9,-0.00530509263729121,0.000142674625238753,-37.1831545266975,9.89892953743941e-175
